{"cameraMode":{"drawMode":0,"name":"Shaded","section":"Shading Mode"},"sceneLighting":true,"audioPlay":false,"sceneViewState":{"m_AlwaysRefresh":false,"showFog":true,"showSkybox":true,"showFlares":true,"showImageEffects":true,"showParticleSystems":true,"showVisualEffectGraphs":true,"m_FxEnabled":true},"in2DMode":false,"pivot":{"x":8.845144271850586,"y":-0.34626007080078127,"z":1.6013967990875245},"rotation":{"x":0.11154040694236756,"y":-0.8867970108985901,"z":0.28690141439437868,"w":0.3447687327861786},"size":3.9599287509918215,"orthographic":false}